test,test mosfet triggered : Time = 2025-02-28T13:28:48.004921,2025-02-28T13:28:48.004939
test,test ejection will commence in 599.9297568798065 : Time = 2025-02-28T13:28:48.075186,2025-02-28T13:28:48.075197
test,test ejection will commence in 599.8631000518799 : Time = 2025-02-28T13:28:48.141843,2025-02-28T13:28:48.141851
test,test ejection will commence in 599.7950112819672 : Time = 2025-02-28T13:28:48.209931,2025-02-28T13:28:48.209938
test,test ejection will commence in 599.7260708808899 : Time = 2025-02-28T13:28:48.278871,2025-02-28T13:28:48.278880
test,test ejection will commence in 599.6586058139801 : Time = 2025-02-28T13:28:48.346336,2025-02-28T13:28:48.346345
test,test ejection will commence in 599.5904860496521 : Time = 2025-02-28T13:28:48.414456,2025-02-28T13:28:48.414464
test,test ejection will commence in 599.5231595039368 : Time = 2025-02-28T13:28:48.481782,2025-02-28T13:28:48.481791
test,test ejection will commence in 599.4542000293732 : Time = 2025-02-28T13:28:48.550742,2025-02-28T13:28:48.550751
test,test ejection will commence in 599.3860080242157 : Time = 2025-02-28T13:28:48.618934,2025-02-28T13:28:48.618943
test,test ejection will commence in 599.3167188167572 : Time = 2025-02-28T13:28:48.688223,2025-02-28T13:28:48.688230
test,test ejection will commence in 599.2464082241058 : Time = 2025-02-28T13:28:48.758534,2025-02-28T13:28:48.758543
test,test ejection will commence in 599.1764674186707 : Time = 2025-02-28T13:28:48.828475,2025-02-28T13:28:48.828483
test,test ejection will commence in 599.1087737083435 : Time = 2025-02-28T13:28:48.896168,2025-02-28T13:28:48.896176
test,test ejection will commence in 599.0396642684937 : Time = 2025-02-28T13:28:48.965278,2025-02-28T13:28:48.965287
test,test ejection will commence in 598.9702460765839 : Time = 2025-02-28T13:28:49.034698,2025-02-28T13:28:49.034713
test,test ejection will commence in 598.9024062156677 : Time = 2025-02-28T13:28:49.102535,2025-02-28T13:28:49.102544
test,test ejection will commence in 598.8351480960846 : Time = 2025-02-28T13:28:49.169794,2025-02-28T13:28:49.169802
test,test ejection will commence in 598.7640540599823 : Time = 2025-02-28T13:28:49.240888,2025-02-28T13:28:49.240896
test,test ejection will commence in 598.6965734958649 : Time = 2025-02-28T13:28:49.308368,2025-02-28T13:28:49.308377
test,test ejection will commence in 598.6298894882202 : Time = 2025-02-28T13:28:49.375052,2025-02-28T13:28:49.375062
test,test ejection will commence in 598.5606367588043 : Time = 2025-02-28T13:28:49.444305,2025-02-28T13:28:49.444314
test,test ejection will commence in 598.4919793605804 : Time = 2025-02-28T13:28:49.512963,2025-02-28T13:28:49.512972
test,test ejection will commence in 598.4233481884003 : Time = 2025-02-28T13:28:49.581594,2025-02-28T13:28:49.581601
test,test ejection will commence in 598.3550562858582 : Time = 2025-02-28T13:28:49.649886,2025-02-28T13:28:49.649892
test,test ejection will commence in 598.2878088951111 : Time = 2025-02-28T13:28:49.717133,2025-02-28T13:28:49.717141
test,test ejection will commence in 598.2177646160126 : Time = 2025-02-28T13:28:49.787178,2025-02-28T13:28:49.787187
test,test ejection will commence in 598.1500110626221 : Time = 2025-02-28T13:28:49.854931,2025-02-28T13:28:49.854940
test,test ejection will commence in 598.0806131362915 : Time = 2025-02-28T13:28:49.924328,2025-02-28T13:28:49.924336
test,test ejection will commence in 598.0042560100555 : Time = 2025-02-28T13:28:50.000686,2025-02-28T13:28:50.000694
test,test ejection will commence in 597.9366030693054 : Time = 2025-02-28T13:28:50.068340,2025-02-28T13:28:50.068351
test,test ejection will commence in 597.8711574077606 : Time = 2025-02-28T13:28:50.133784,2025-02-28T13:28:50.133792
test,test ejection will commence in 597.8037655353546 : Time = 2025-02-28T13:28:50.201178,2025-02-28T13:28:50.201189
test,test ejection will commence in 597.7380933761597 : Time = 2025-02-28T13:28:50.266848,2025-02-28T13:28:50.266856
test,test ejection will commence in 597.6737127304077 : Time = 2025-02-28T13:28:50.331229,2025-02-28T13:28:50.331237
test,test ejection will commence in 597.6078181266785 : Time = 2025-02-28T13:28:50.397124,2025-02-28T13:28:50.397130
test,test ejection will commence in 597.542726278305 : Time = 2025-02-28T13:28:50.462216,2025-02-28T13:28:50.462223
test,test ejection will commence in 597.4750912189484 : Time = 2025-02-28T13:28:50.529850,2025-02-28T13:28:50.529857
test,test ejection will commence in 597.4115545749664 : Time = 2025-02-28T13:28:50.593387,2025-02-28T13:28:50.593395
test,test ejection will commence in 597.3393316268921 : Time = 2025-02-28T13:28:50.665610,2025-02-28T13:28:50.665618
test,test ejection will commence in 597.2716450691223 : Time = 2025-02-28T13:28:50.733297,2025-02-28T13:28:50.733304
test,test ejection will commence in 597.1997714042664 : Time = 2025-02-28T13:28:50.805171,2025-02-28T13:28:50.805180
test,test ejection will commence in 597.1326851844788 : Time = 2025-02-28T13:28:50.872256,2025-02-28T13:28:50.872264
test,test ejection will commence in 597.067545413971 : Time = 2025-02-28T13:28:50.937397,2025-02-28T13:28:50.937405
test,test ejection will commence in 597.0012767314911 : Time = 2025-02-28T13:28:51.003665,2025-02-28T13:28:51.003675
test,test ejection will commence in 596.9346208572388 : Time = 2025-02-28T13:28:51.070321,2025-02-28T13:28:51.070328
test,test ejection will commence in 596.8697898387909 : Time = 2025-02-28T13:28:51.135153,2025-02-28T13:28:51.135162
test,test ejection will commence in 596.804594039917 : Time = 2025-02-28T13:28:51.200348,2025-02-28T13:28:51.200355
test,test ejection will commence in 596.7377555370331 : Time = 2025-02-28T13:28:51.267187,2025-02-28T13:28:51.267195
test,test ejection will commence in 596.6719901561737 : Time = 2025-02-28T13:28:51.332952,2025-02-28T13:28:51.332959
test,test ejection will commence in 596.6026484966278 : Time = 2025-02-28T13:28:51.402294,2025-02-28T13:28:51.402303
test,test ejection will commence in 596.5371270179749 : Time = 2025-02-28T13:28:51.467815,2025-02-28T13:28:51.467825
test,test ejection will commence in 596.4705035686493 : Time = 2025-02-28T13:28:51.534439,2025-02-28T13:28:51.534449
test,test mosfet triggered : Time = 2025-02-28T13:28:51.663893,2025-02-28T13:28:51.663903
test,test ejection will commence in 599.9334411621094 : Time = 2025-02-28T13:28:51.730465,2025-02-28T13:28:51.730473
test,test ejection will commence in 599.8625762462616 : Time = 2025-02-28T13:28:51.801330,2025-02-28T13:28:51.801339
test,test ejection will commence in 599.7922253608704 : Time = 2025-02-28T13:28:51.871681,2025-02-28T13:28:51.871688
test,test ejection will commence in 599.7239801883698 : Time = 2025-02-28T13:28:51.939926,2025-02-28T13:28:51.939934
test,test ejection will commence in 599.6530983448029 : Time = 2025-02-28T13:28:52.010808,2025-02-28T13:28:52.010816
test,test ejection will commence in 599.5860159397125 : Time = 2025-02-28T13:28:52.077890,2025-02-28T13:28:52.077899
test,test ejection will commence in 599.517881155014 : Time = 2025-02-28T13:28:52.146025,2025-02-28T13:28:52.146034
test,test ejection will commence in 599.4481992721558 : Time = 2025-02-28T13:28:52.215707,2025-02-28T13:28:52.215716
test,test ejection will commence in 599.3782451152802 : Time = 2025-02-28T13:28:52.285661,2025-02-28T13:28:52.285671
test,test ejection will commence in 599.3086986541748 : Time = 2025-02-28T13:28:52.355207,2025-02-28T13:28:52.355216
test,test ejection will commence in 599.2387380599976 : Time = 2025-02-28T13:28:52.425168,2025-02-28T13:28:52.425176
test,test ejection will commence in 599.1681990623474 : Time = 2025-02-28T13:28:52.495707,2025-02-28T13:28:52.495715
test,test ejection will commence in 599.0937585830688 : Time = 2025-02-28T13:28:52.570148,2025-02-28T13:28:52.570156
test,test ejection will commence in 599.0255734920502 : Time = 2025-02-28T13:28:52.638333,2025-02-28T13:28:52.638341
test,test ejection will commence in 598.9587564468384 : Time = 2025-02-28T13:28:52.705150,2025-02-28T13:28:52.705159
test,test ejection will commence in 598.8890914916992 : Time = 2025-02-28T13:28:52.774815,2025-02-28T13:28:52.774822
test,test ejection will commence in 598.8198144435883 : Time = 2025-02-28T13:28:52.844092,2025-02-28T13:28:52.844099
test,test ejection will commence in 598.7526648044586 : Time = 2025-02-28T13:28:52.911241,2025-02-28T13:28:52.911251
test,test ejection will commence in 598.68394780159 : Time = 2025-02-28T13:28:52.979958,2025-02-28T13:28:52.979967
test,test ejection will commence in 598.6152369976044 : Time = 2025-02-28T13:28:53.048669,2025-02-28T13:28:53.048678
test,test ejection will commence in 598.5464615821838 : Time = 2025-02-28T13:28:53.117445,2025-02-28T13:28:53.117453
test,test ejection will commence in 598.4778549671173 : Time = 2025-02-28T13:28:53.186051,2025-02-28T13:28:53.186062
test,test ejection will commence in 598.4083254337311 : Time = 2025-02-28T13:28:53.255580,2025-02-28T13:28:53.255588
test,test ejection will commence in 598.3380994796753 : Time = 2025-02-28T13:28:53.325807,2025-02-28T13:28:53.325816
test,test ejection will commence in 598.2660851478577 : Time = 2025-02-28T13:28:53.397821,2025-02-28T13:28:53.397829
test,test ejection will commence in 598.1990187168121 : Time = 2025-02-28T13:28:53.464887,2025-02-28T13:28:53.464896
test,test ejection will commence in 598.1301565170288 : Time = 2025-02-28T13:28:53.533749,2025-02-28T13:28:53.533757
test,test ejection will commence in 598.0620357990265 : Time = 2025-02-28T13:28:53.601873,2025-02-28T13:28:53.601883
test,test ejection will commence in 597.9844477176666 : Time = 2025-02-28T13:28:53.679458,2025-02-28T13:28:53.679467
test,test ejection will commence in 597.9164624214172 : Time = 2025-02-28T13:28:53.747444,2025-02-28T13:28:53.747452
test,test ejection will commence in 597.8474950790405 : Time = 2025-02-28T13:28:53.816411,2025-02-28T13:28:53.816420
test,test ejection will commence in 597.7789011001587 : Time = 2025-02-28T13:28:53.885007,2025-02-28T13:28:53.885022
test,test ejection will commence in 597.7045965194702 : Time = 2025-02-28T13:28:53.959310,2025-02-28T13:28:53.959319
test,test ejection will commence in 597.6329619884491 : Time = 2025-02-28T13:28:54.030944,2025-02-28T13:28:54.030952
test,test ejection will commence in 597.56369972229 : Time = 2025-02-28T13:28:54.100206,2025-02-28T13:28:54.100214
test,test ejection will commence in 597.493435382843 : Time = 2025-02-28T13:28:54.170470,2025-02-28T13:28:54.170478
test,test ejection will commence in 597.4240317344666 : Time = 2025-02-28T13:28:54.239875,2025-02-28T13:28:54.239882
test,test ejection will commence in 597.3555917739868 : Time = 2025-02-28T13:28:54.308314,2025-02-28T13:28:54.308322
test,test ejection will commence in 597.2843792438507 : Time = 2025-02-28T13:28:54.379526,2025-02-28T13:28:54.379534
test,test ejection will commence in 597.2160251140594 : Time = 2025-02-28T13:28:54.447881,2025-02-28T13:28:54.447888
test,test ejection will commence in 597.1470279693604 : Time = 2025-02-28T13:28:54.516878,2025-02-28T13:28:54.516886
test,test ejection will commence in 597.0779736042023 : Time = 2025-02-28T13:28:54.585932,2025-02-28T13:28:54.585942
test,test ejection will commence in 597.0082828998566 : Time = 2025-02-28T13:28:54.655623,2025-02-28T13:28:54.655631
test,test ejection will commence in 596.9397079944611 : Time = 2025-02-28T13:28:54.724198,2025-02-28T13:28:54.724207
test,test ejection will commence in 596.8686814308167 : Time = 2025-02-28T13:28:54.795225,2025-02-28T13:28:54.795234
test,test ejection will commence in 596.7986540794373 : Time = 2025-02-28T13:28:54.865252,2025-02-28T13:28:54.865262
test,test ejection will commence in 596.7269015312195 : Time = 2025-02-28T13:28:54.937004,2025-02-28T13:28:54.937014
test,test ejection will commence in 596.657824754715 : Time = 2025-02-28T13:28:55.006081,2025-02-28T13:28:55.006091
test,test ejection will commence in 596.5883569717407 : Time = 2025-02-28T13:28:55.075549,2025-02-28T13:28:55.075557
test,test ejection will commence in 596.5194387435913 : Time = 2025-02-28T13:28:55.144467,2025-02-28T13:28:55.144475
test,test ejection will commence in 596.4510827064514 : Time = 2025-02-28T13:28:55.212823,2025-02-28T13:28:55.212830
test,test ejection will commence in 596.3773672580719 : Time = 2025-02-28T13:28:55.286539,2025-02-28T13:28:55.286549
test,test ejection will commence in 596.3049721717834 : Time = 2025-02-28T13:28:55.358934,2025-02-28T13:28:55.358944
test,test ejection will commence in 596.2346680164337 : Time = 2025-02-28T13:28:55.429238,2025-02-28T13:28:55.429247
test,test ejection will commence in 596.1646947860718 : Time = 2025-02-28T13:28:55.499211,2025-02-28T13:28:55.499221
test,test ejection will commence in 596.0930893421173 : Time = 2025-02-28T13:28:55.570817,2025-02-28T13:28:55.570826
test,test ejection will commence in 596.0238659381866 : Time = 2025-02-28T13:28:55.640040,2025-02-28T13:28:55.640048
test,test ejection will commence in 595.9532542228699 : Time = 2025-02-28T13:28:55.710652,2025-02-28T13:28:55.710662
test,test ejection will commence in 595.8822212219238 : Time = 2025-02-28T13:28:55.781685,2025-02-28T13:28:55.781692
test,test ejection will commence in 595.8106217384338 : Time = 2025-02-28T13:28:55.853284,2025-02-28T13:28:55.853293
test,test ejection will commence in 595.7410333156586 : Time = 2025-02-28T13:28:55.922872,2025-02-28T13:28:55.922881
test,test ejection will commence in 595.6665890216827 : Time = 2025-02-28T13:28:55.997317,2025-02-28T13:28:55.997327
test,test ejection will commence in 595.5967152118683 : Time = 2025-02-28T13:28:56.067190,2025-02-28T13:28:56.067198
test,test ejection will commence in 595.5271461009979 : Time = 2025-02-28T13:28:56.136760,2025-02-28T13:28:56.136770
test,test ejection will commence in 595.4576137065887 : Time = 2025-02-28T13:28:56.206293,2025-02-28T13:28:56.206301
test,test ejection will commence in 595.3886277675629 : Time = 2025-02-28T13:28:56.275278,2025-02-28T13:28:56.275287
test,test ejection will commence in 595.3179392814636 : Time = 2025-02-28T13:28:56.345967,2025-02-28T13:28:56.345976
test,test ejection will commence in 595.2466807365417 : Time = 2025-02-28T13:28:56.417226,2025-02-28T13:28:56.417235
test,test ejection will commence in 595.1779682636261 : Time = 2025-02-28T13:28:56.485938,2025-02-28T13:28:56.485948
test,test ejection will commence in 595.1074512004852 : Time = 2025-02-28T13:28:56.556455,2025-02-28T13:28:56.556464
test,test ejection will commence in 595.0368666648865 : Time = 2025-02-28T13:28:56.627040,2025-02-28T13:28:56.627050
test,test ejection will commence in 594.966203212738 : Time = 2025-02-28T13:28:56.697703,2025-02-28T13:28:56.697710
test,test ejection will commence in 594.8943719863892 : Time = 2025-02-28T13:28:56.769534,2025-02-28T13:28:56.769543
test,test ejection will commence in 594.8222229480743 : Time = 2025-02-28T13:28:56.841683,2025-02-28T13:28:56.841691
test,test ejection will commence in 594.7510738372803 : Time = 2025-02-28T13:28:56.912832,2025-02-28T13:28:56.912839
test,test ejection will commence in 594.680273771286 : Time = 2025-02-28T13:28:56.983632,2025-02-28T13:28:56.983641
test,test ejection will commence in 594.606751203537 : Time = 2025-02-28T13:28:57.057155,2025-02-28T13:28:57.057165
test,test mosfet triggered : Time = 2025-02-28T13:38:32.355621,2025-02-28T13:38:32.355642
test,test ejection will commence in 599.9331171512604 : Time = 2025-02-28T13:38:32.422528,2025-02-28T13:38:32.422540
test,test ejection will commence in 599.868350982666 : Time = 2025-02-28T13:38:32.487294,2025-02-28T13:38:32.487304
test,test ejection will commence in 599.8035180568695 : Time = 2025-02-28T13:38:32.552127,2025-02-28T13:38:32.552136
test,test ejection will commence in 599.7383406162262 : Time = 2025-02-28T13:38:32.617304,2025-02-28T13:38:32.617313
test,test ejection will commence in 599.6706690788269 : Time = 2025-02-28T13:38:32.684976,2025-02-28T13:38:32.684984
test,test ejection will commence in 599.6040875911713 : Time = 2025-02-28T13:38:32.751556,2025-02-28T13:38:32.751564
test,test ejection will commence in 599.5426335334778 : Time = 2025-02-28T13:38:32.813011,2025-02-28T13:38:32.813017
test,test ejection will commence in 599.4804191589355 : Time = 2025-02-28T13:38:32.875225,2025-02-28T13:38:32.875233
test,test ejection will commence in 599.4175944328308 : Time = 2025-02-28T13:38:32.938050,2025-02-28T13:38:32.938057
test,test ejection will commence in 599.3550503253937 : Time = 2025-02-28T13:38:33.000594,2025-02-28T13:38:33.000601
test,test ejection will commence in 599.2920343875885 : Time = 2025-02-28T13:38:33.063610,2025-02-28T13:38:33.063617
test,test ejection will commence in 599.2292129993439 : Time = 2025-02-28T13:38:33.126432,2025-02-28T13:38:33.126439
test,test ejection will commence in 599.1674606800079 : Time = 2025-02-28T13:38:33.188184,2025-02-28T13:38:33.188195
test,test ejection will commence in 599.1044864654541 : Time = 2025-02-28T13:38:33.251158,2025-02-28T13:38:33.251165
test,test ejection will commence in 599.0425901412964 : Time = 2025-02-28T13:38:33.313054,2025-02-28T13:38:33.313060
test,test ejection will commence in 598.9803693294525 : Time = 2025-02-28T13:38:33.375275,2025-02-28T13:38:33.375283
test,test ejection will commence in 598.9189488887787 : Time = 2025-02-28T13:38:33.436695,2025-02-28T13:38:33.436703
test,test ejection will commence in 598.855553150177 : Time = 2025-02-28T13:38:33.500092,2025-02-28T13:38:33.500099
test,test ejection will commence in 598.7934534549713 : Time = 2025-02-28T13:38:33.562191,2025-02-28T13:38:33.562198
test,test ejection will commence in 598.7290880680084 : Time = 2025-02-28T13:38:33.626556,2025-02-28T13:38:33.626564
test,test ejection will commence in 598.6668355464935 : Time = 2025-02-28T13:38:33.688808,2025-02-28T13:38:33.688816
test,test ejection will commence in 598.59863448143 : Time = 2025-02-28T13:38:33.757009,2025-02-28T13:38:33.757016
test,test ejection will commence in 598.5367248058319 : Time = 2025-02-28T13:38:33.818919,2025-02-28T13:38:33.818927
test,test ejection will commence in 598.4750134944916 : Time = 2025-02-28T13:38:33.880631,2025-02-28T13:38:33.880637
test,test ejection will commence in 598.4125821590424 : Time = 2025-02-28T13:38:33.943064,2025-02-28T13:38:33.943077
test,test ejection will commence in 598.3486905097961 : Time = 2025-02-28T13:38:34.006953,2025-02-28T13:38:34.006961
test,test ejection will commence in 598.2847864627838 : Time = 2025-02-28T13:38:34.070858,2025-02-28T13:38:34.070866
test,test ejection will commence in 598.2163345813751 : Time = 2025-02-28T13:38:34.139310,2025-02-28T13:38:34.139319
test,test ejection will commence in 598.148072719574 : Time = 2025-02-28T13:38:34.207572,2025-02-28T13:38:34.207580
test,test ejection will commence in 598.0895757675171 : Time = 2025-02-28T13:38:34.266069,2025-02-28T13:38:34.266077
test,test ejection will commence in 598.0233800411224 : Time = 2025-02-28T13:38:34.332264,2025-02-28T13:38:34.332271
test,test ejection will commence in 597.9551038742065 : Time = 2025-02-28T13:38:34.400540,2025-02-28T13:38:34.400549
test,test ejection will commence in 597.8868837356567 : Time = 2025-02-28T13:38:34.468761,2025-02-28T13:38:34.468769
test,test ejection will commence in 597.8180131912231 : Time = 2025-02-28T13:38:34.537631,2025-02-28T13:38:34.537638
test,test ejection will commence in 597.7514071464539 : Time = 2025-02-28T13:38:34.604237,2025-02-28T13:38:34.604250
test,test ejection will commence in 597.6842942237854 : Time = 2025-02-28T13:38:34.671350,2025-02-28T13:38:34.671358
test,test ejection will commence in 597.6159491539001 : Time = 2025-02-28T13:38:34.739695,2025-02-28T13:38:34.739704
test,test ejection will commence in 597.5496153831482 : Time = 2025-02-28T13:38:34.806029,2025-02-28T13:38:34.806035
test,test ejection will commence in 597.4816188812256 : Time = 2025-02-28T13:38:34.874025,2025-02-28T13:38:34.874034
test,test ejection will commence in 597.415004491806 : Time = 2025-02-28T13:38:34.940639,2025-02-28T13:38:34.940648
test,test ejection will commence in 597.3473920822144 : Time = 2025-02-28T13:38:35.008252,2025-02-28T13:38:35.008260
test,test ejection will commence in 597.2786030769348 : Time = 2025-02-28T13:38:35.077042,2025-02-28T13:38:35.077049
test,test ejection will commence in 597.2111747264862 : Time = 2025-02-28T13:38:35.144469,2025-02-28T13:38:35.144479
test,test ejection will commence in 597.1432585716248 : Time = 2025-02-28T13:38:35.212386,2025-02-28T13:38:35.212394
test,test ejection will commence in 597.0759429931641 : Time = 2025-02-28T13:38:35.279702,2025-02-28T13:38:35.279710
test,test ejection will commence in 597.00874376297 : Time = 2025-02-28T13:38:35.346901,2025-02-28T13:38:35.346908
test,test ejection will commence in 596.9411296844482 : Time = 2025-02-28T13:38:35.414514,2025-02-28T13:38:35.414522
test,test ejection will commence in 596.8743736743927 : Time = 2025-02-28T13:38:35.481271,2025-02-28T13:38:35.481280
test,test ejection will commence in 596.8059587478638 : Time = 2025-02-28T13:38:35.549686,2025-02-28T13:38:35.549693
test,test ejection will commence in 596.7390444278717 : Time = 2025-02-28T13:38:35.616600,2025-02-28T13:38:35.616609
test,test ejection will commence in 596.6729784011841 : Time = 2025-02-28T13:38:35.682666,2025-02-28T13:38:35.682673
test,test ejection will commence in 596.6011264324188 : Time = 2025-02-28T13:38:35.754520,2025-02-28T13:38:35.754534
test,test mosfet triggered : Time = 2025-02-28T13:38:35.883075,2025-02-28T13:38:35.883087
test,test ejection will commence in 599.9333038330078 : Time = 2025-02-28T13:38:35.949785,2025-02-28T13:38:35.949794
test,test ejection will commence in 599.8670632839203 : Time = 2025-02-28T13:38:36.016026,2025-02-28T13:38:36.016035
test,test ejection will commence in 599.799563407898 : Time = 2025-02-28T13:38:36.083525,2025-02-28T13:38:36.083534
test,test ejection will commence in 599.7330174446106 : Time = 2025-02-28T13:38:36.150072,2025-02-28T13:38:36.150081
test,test ejection will commence in 599.6659007072449 : Time = 2025-02-28T13:38:36.217188,2025-02-28T13:38:36.217195
test,test ejection will commence in 599.6006934642792 : Time = 2025-02-28T13:38:36.282396,2025-02-28T13:38:36.282405
test,test ejection will commence in 599.5346512794495 : Time = 2025-02-28T13:38:36.348438,2025-02-28T13:38:36.348447
test,test ejection will commence in 599.4674913883209 : Time = 2025-02-28T13:38:36.415598,2025-02-28T13:38:36.415607
test,test ejection will commence in 599.3988456726074 : Time = 2025-02-28T13:38:36.484243,2025-02-28T13:38:36.484251
test,test ejection will commence in 599.3314111232758 : Time = 2025-02-28T13:38:36.551678,2025-02-28T13:38:36.551685
test,test ejection will commence in 599.2638561725616 : Time = 2025-02-28T13:38:36.619233,2025-02-28T13:38:36.619241
test,test ejection will commence in 599.1962571144104 : Time = 2025-02-28T13:38:36.686832,2025-02-28T13:38:36.686839
test,test ejection will commence in 599.1284399032593 : Time = 2025-02-28T13:38:36.754649,2025-02-28T13:38:36.754657
test,test ejection will commence in 599.05979180336 : Time = 2025-02-28T13:38:36.823298,2025-02-28T13:38:36.823308
test,test ejection will commence in 598.9942452907562 : Time = 2025-02-28T13:38:36.888844,2025-02-28T13:38:36.888852
test,test ejection will commence in 598.9268701076508 : Time = 2025-02-28T13:38:36.956219,2025-02-28T13:38:36.956227
test,test ejection will commence in 598.8591423034668 : Time = 2025-02-28T13:38:37.023949,2025-02-28T13:38:37.023965
test,test ejection will commence in 598.7922496795654 : Time = 2025-02-28T13:38:37.090839,2025-02-28T13:38:37.090848
test,test ejection will commence in 598.7251434326172 : Time = 2025-02-28T13:38:37.157946,2025-02-28T13:38:37.157955
test,test ejection will commence in 598.658097743988 : Time = 2025-02-28T13:38:37.224991,2025-02-28T13:38:37.224998
test,test ejection will commence in 598.5905466079712 : Time = 2025-02-28T13:38:37.292542,2025-02-28T13:38:37.292549
test,test ejection will commence in 598.5228118896484 : Time = 2025-02-28T13:38:37.360277,2025-02-28T13:38:37.360285
test,test ejection will commence in 598.457444190979 : Time = 2025-02-28T13:38:37.425645,2025-02-28T13:38:37.425652
test,test ejection will commence in 598.3897364139557 : Time = 2025-02-28T13:38:37.493353,2025-02-28T13:38:37.493362
test,test ejection will commence in 598.3228299617767 : Time = 2025-02-28T13:38:37.560259,2025-02-28T13:38:37.560268
test,test ejection will commence in 598.2579839229584 : Time = 2025-02-28T13:38:37.625105,2025-02-28T13:38:37.625113
test,test ejection will commence in 598.1910316944122 : Time = 2025-02-28T13:38:37.692057,2025-02-28T13:38:37.692064
test,test ejection will commence in 598.1247200965881 : Time = 2025-02-28T13:38:37.758369,2025-02-28T13:38:37.758376
test,test ejection will commence in 598.0599679946899 : Time = 2025-02-28T13:38:37.823121,2025-02-28T13:38:37.823130
test,test ejection will commence in 597.9941694736481 : Time = 2025-02-28T13:38:37.888919,2025-02-28T13:38:37.888926
test,test ejection will commence in 597.9286043643951 : Time = 2025-02-28T13:38:37.954485,2025-02-28T13:38:37.954493
test,test ejection will commence in 597.8613064289093 : Time = 2025-02-28T13:38:38.021783,2025-02-28T13:38:38.021790
test,test ejection will commence in 597.7932233810425 : Time = 2025-02-28T13:38:38.089866,2025-02-28T13:38:38.089874
test,test ejection will commence in 597.7276136875153 : Time = 2025-02-28T13:38:38.155476,2025-02-28T13:38:38.155485
test,test ejection will commence in 597.6609926223755 : Time = 2025-02-28T13:38:38.222097,2025-02-28T13:38:38.222105
test,test ejection will commence in 597.5951402187347 : Time = 2025-02-28T13:38:38.287949,2025-02-28T13:38:38.287956
test,test ejection will commence in 597.5299289226532 : Time = 2025-02-28T13:38:38.353160,2025-02-28T13:38:38.353168
test,test ejection will commence in 597.4659252166748 : Time = 2025-02-28T13:38:38.417164,2025-02-28T13:38:38.417172
test,test ejection will commence in 597.3969571590424 : Time = 2025-02-28T13:38:38.486132,2025-02-28T13:38:38.486141
test,test ejection will commence in 597.3290069103241 : Time = 2025-02-28T13:38:38.554082,2025-02-28T13:38:38.554091
test,test ejection will commence in 597.2638728618622 : Time = 2025-02-28T13:38:38.619216,2025-02-28T13:38:38.619224
test,test ejection will commence in 597.198258638382 : Time = 2025-02-28T13:38:38.684830,2025-02-28T13:38:38.684838
test,test ejection will commence in 597.1319832801819 : Time = 2025-02-28T13:38:38.751106,2025-02-28T13:38:38.751114
test,test ejection will commence in 597.0658421516418 : Time = 2025-02-28T13:38:38.817247,2025-02-28T13:38:38.817255
test,test ejection will commence in 597.0008833408356 : Time = 2025-02-28T13:38:38.882205,2025-02-28T13:38:38.882213
test,test ejection will commence in 596.9353749752045 : Time = 2025-02-28T13:38:38.947714,2025-02-28T13:38:38.947721
test,test ejection will commence in 596.8681011199951 : Time = 2025-02-28T13:38:39.014988,2025-02-28T13:38:39.014997
test,test ejection will commence in 596.8000383377075 : Time = 2025-02-28T13:38:39.083051,2025-02-28T13:38:39.083060
test,test ejection will commence in 596.7339382171631 : Time = 2025-02-28T13:38:39.149151,2025-02-28T13:38:39.149159
test,test ejection will commence in 596.6647946834564 : Time = 2025-02-28T13:38:39.218294,2025-02-28T13:38:39.218303
test,test ejection will commence in 596.6002507209778 : Time = 2025-02-28T13:38:39.282838,2025-02-28T13:38:39.282847
test,test ejection will commence in 596.5342617034912 : Time = 2025-02-28T13:38:39.348827,2025-02-28T13:38:39.348835
test,test ejection will commence in 596.4681792259216 : Time = 2025-02-28T13:38:39.414910,2025-02-28T13:38:39.414918
test,test ejection will commence in 596.4032599925995 : Time = 2025-02-28T13:38:39.479829,2025-02-28T13:38:39.479836
test,test ejection will commence in 596.3359618186951 : Time = 2025-02-28T13:38:39.547127,2025-02-28T13:38:39.547136
test,test ejection will commence in 596.2710511684418 : Time = 2025-02-28T13:38:39.612038,2025-02-28T13:38:39.612046
test,test ejection will commence in 596.207277059555 : Time = 2025-02-28T13:38:39.675812,2025-02-28T13:38:39.675821
test,test ejection will commence in 596.1412632465363 : Time = 2025-02-28T13:38:39.741826,2025-02-28T13:38:39.741833
test,test ejection will commence in 596.0762891769409 : Time = 2025-02-28T13:38:39.806800,2025-02-28T13:38:39.806807
test,test ejection will commence in 596.0108885765076 : Time = 2025-02-28T13:38:39.872200,2025-02-28T13:38:39.872207
test,test ejection will commence in 595.9465007781982 : Time = 2025-02-28T13:38:39.936588,2025-02-28T13:38:39.936595
test,test ejection will commence in 595.8815402984619 : Time = 2025-02-28T13:38:40.001549,2025-02-28T13:38:40.001556
test,test ejection will commence in 595.8054568767548 : Time = 2025-02-28T13:38:40.077632,2025-02-28T13:38:40.077640
test,test ejection will commence in 595.7409353256226 : Time = 2025-02-28T13:38:40.142153,2025-02-28T13:38:40.142162
test,test ejection will commence in 595.6770966053009 : Time = 2025-02-28T13:38:40.205992,2025-02-28T13:38:40.206000
test,test ejection will commence in 595.6114549636841 : Time = 2025-02-28T13:38:40.271634,2025-02-28T13:38:40.271643
test,test ejection will commence in 595.5440397262573 : Time = 2025-02-28T13:38:40.339049,2025-02-28T13:38:40.339057
test,test ejection will commence in 595.477742433548 : Time = 2025-02-28T13:38:40.405346,2025-02-28T13:38:40.405356
test,test ejection will commence in 595.4117743968964 : Time = 2025-02-28T13:38:40.471315,2025-02-28T13:38:40.471324
test,test ejection will commence in 595.3410303592682 : Time = 2025-02-28T13:38:40.542059,2025-02-28T13:38:40.542067
test,test ejection will commence in 595.2750926017761 : Time = 2025-02-28T13:38:40.607996,2025-02-28T13:38:40.608005
test,test ejection will commence in 595.2091917991638 : Time = 2025-02-28T13:38:40.673898,2025-02-28T13:38:40.673907
test,test ejection will commence in 595.1432707309723 : Time = 2025-02-28T13:38:40.739818,2025-02-28T13:38:40.739826
test,test ejection will commence in 595.0760495662689 : Time = 2025-02-28T13:38:40.807040,2025-02-28T13:38:40.807047
test,test ejection will commence in 595.0094609260559 : Time = 2025-02-28T13:38:40.873628,2025-02-28T13:38:40.873638
test,test ejection will commence in 594.9423327445984 : Time = 2025-02-28T13:38:40.940756,2025-02-28T13:38:40.940764
test,test ejection will commence in 594.8765962123871 : Time = 2025-02-28T13:38:41.006493,2025-02-28T13:38:41.006500
test,test ejection will commence in 594.809196472168 : Time = 2025-02-28T13:38:41.073893,2025-02-28T13:38:41.073902
test,test mosfet triggered : Time = 2025-02-28T13:49:53.869202,2025-02-28T13:49:53.869222
test,test ejection will commence in 599.9367206096649 : Time = 2025-02-28T13:49:53.932505,2025-02-28T13:49:53.932518
test,test ejection will commence in 599.8716006278992 : Time = 2025-02-28T13:49:53.997625,2025-02-28T13:49:53.997635
test,test ejection will commence in 599.80903673172 : Time = 2025-02-28T13:49:54.060189,2025-02-28T13:49:54.060198
test,test ejection will commence in 599.7471282482147 : Time = 2025-02-28T13:49:54.122097,2025-02-28T13:49:54.122104
test,test ejection will commence in 599.6825988292694 : Time = 2025-02-28T13:49:54.186627,2025-02-28T13:49:54.186635
test,test ejection will commence in 599.6188900470734 : Time = 2025-02-28T13:49:54.250335,2025-02-28T13:49:54.250344
test,test ejection will commence in 599.5561809539795 : Time = 2025-02-28T13:49:54.313045,2025-02-28T13:49:54.313052
test,test ejection will commence in 599.4929115772247 : Time = 2025-02-28T13:49:54.376313,2025-02-28T13:49:54.376320
test,test ejection will commence in 599.4308681488037 : Time = 2025-02-28T13:49:54.438357,2025-02-28T13:49:54.438365
test,test ejection will commence in 599.3673782348633 : Time = 2025-02-28T13:49:54.501847,2025-02-28T13:49:54.501854
test,test ejection will commence in 599.3053851127625 : Time = 2025-02-28T13:49:54.563840,2025-02-28T13:49:54.563850
test,test ejection will commence in 599.2426118850708 : Time = 2025-02-28T13:49:54.626614,2025-02-28T13:49:54.626621
test,test ejection will commence in 599.1806435585022 : Time = 2025-02-28T13:49:54.688581,2025-02-28T13:49:54.688590
test,test ejection will commence in 599.1176958084106 : Time = 2025-02-28T13:49:54.751529,2025-02-28T13:49:54.751537
test,test ejection will commence in 599.0545673370361 : Time = 2025-02-28T13:49:54.814658,2025-02-28T13:49:54.814667
test,test ejection will commence in 598.9926836490631 : Time = 2025-02-28T13:49:54.876542,2025-02-28T13:49:54.876549
test,test ejection will commence in 598.9290041923523 : Time = 2025-02-28T13:49:54.940221,2025-02-28T13:49:54.940229
test,test ejection will commence in 598.864330291748 : Time = 2025-02-28T13:49:55.004895,2025-02-28T13:49:55.004903
test,test ejection will commence in 598.8010993003845 : Time = 2025-02-28T13:49:55.068126,2025-02-28T13:49:55.068134
test,test ejection will commence in 598.7397701740265 : Time = 2025-02-28T13:49:55.129455,2025-02-28T13:49:55.129463
test,test ejection will commence in 598.6780605316162 : Time = 2025-02-28T13:49:55.191165,2025-02-28T13:49:55.191172
test,test ejection will commence in 598.6151230335236 : Time = 2025-02-28T13:49:55.254101,2025-02-28T13:49:55.254110
test,test ejection will commence in 598.5518023967743 : Time = 2025-02-28T13:49:55.317423,2025-02-28T13:49:55.317430
test,test ejection will commence in 598.488397359848 : Time = 2025-02-28T13:49:55.380828,2025-02-28T13:49:55.380835
test,test ejection will commence in 598.4256625175476 : Time = 2025-02-28T13:49:55.443563,2025-02-28T13:49:55.443571
test,test ejection will commence in 598.3597097396851 : Time = 2025-02-28T13:49:55.509516,2025-02-28T13:49:55.509523
test,test ejection will commence in 598.2961437702179 : Time = 2025-02-28T13:49:55.573082,2025-02-28T13:49:55.573091
test,test ejection will commence in 598.2340257167816 : Time = 2025-02-28T13:49:55.635200,2025-02-28T13:49:55.635208
test,test ejection will commence in 598.1708068847656 : Time = 2025-02-28T13:49:55.698418,2025-02-28T13:49:55.698426
test,test ejection will commence in 598.1089136600494 : Time = 2025-02-28T13:49:55.760312,2025-02-28T13:49:55.760319
test,test ejection will commence in 598.0472123622894 : Time = 2025-02-28T13:49:55.822013,2025-02-28T13:49:55.822021
test,test ejection will commence in 597.9836447238922 : Time = 2025-02-28T13:49:55.885581,2025-02-28T13:49:55.885588
test,test ejection will commence in 597.92041182518 : Time = 2025-02-28T13:49:55.948813,2025-02-28T13:49:55.948820
test,test ejection will commence in 597.8585410118103 : Time = 2025-02-28T13:49:56.010684,2025-02-28T13:49:56.010691
test,test ejection will commence in 597.7949371337891 : Time = 2025-02-28T13:49:56.074288,2025-02-28T13:49:56.074296
test,test ejection will commence in 597.7316479682922 : Time = 2025-02-28T13:49:56.137577,2025-02-28T13:49:56.137585
test,test ejection will commence in 597.6691963672638 : Time = 2025-02-28T13:49:56.200028,2025-02-28T13:49:56.200037
test,test ejection will commence in 597.6068074703217 : Time = 2025-02-28T13:49:56.262418,2025-02-28T13:49:56.262424
test,test ejection will commence in 597.5458521842957 : Time = 2025-02-28T13:49:56.323373,2025-02-28T13:49:56.323381
test,test ejection will commence in 597.4828653335571 : Time = 2025-02-28T13:49:56.386360,2025-02-28T13:49:56.386369
test,test ejection will commence in 597.4207408428192 : Time = 2025-02-28T13:49:56.448484,2025-02-28T13:49:56.448491
test,test ejection will commence in 597.3588507175446 : Time = 2025-02-28T13:49:56.510375,2025-02-28T13:49:56.510384
test,test ejection will commence in 597.2955188751221 : Time = 2025-02-28T13:49:56.573706,2025-02-28T13:49:56.573714
test,test ejection will commence in 597.230979681015 : Time = 2025-02-28T13:49:56.638246,2025-02-28T13:49:56.638252
test,test ejection will commence in 597.1693017482758 : Time = 2025-02-28T13:49:56.699923,2025-02-28T13:49:56.699933
test,test ejection will commence in 597.1008055210114 : Time = 2025-02-28T13:49:56.768420,2025-02-28T13:49:56.768427
test,test ejection will commence in 597.0380816459656 : Time = 2025-02-28T13:49:56.831143,2025-02-28T13:49:56.831151
test,test ejection will commence in 596.9756572246552 : Time = 2025-02-28T13:49:56.893568,2025-02-28T13:49:56.893576
test,test ejection will commence in 596.9128882884979 : Time = 2025-02-28T13:49:56.956337,2025-02-28T13:49:56.956344
test,test ejection will commence in 596.8497438430786 : Time = 2025-02-28T13:49:57.019481,2025-02-28T13:49:57.019490
test,test ejection will commence in 596.7864315509796 : Time = 2025-02-28T13:49:57.082794,2025-02-28T13:49:57.082801
test,test ejection will commence in 596.724223613739 : Time = 2025-02-28T13:49:57.145001,2025-02-28T13:49:57.145009
test,test mosfet triggered : Time = 2025-02-28T13:49:57.279785,2025-02-28T13:49:57.279796
test,test ejection will commence in 599.9391260147095 : Time = 2025-02-28T13:49:57.340673,2025-02-28T13:49:57.340680
test,test ejection will commence in 599.8763773441315 : Time = 2025-02-28T13:49:57.403422,2025-02-28T13:49:57.403429
test,test ejection will commence in 599.8147566318512 : Time = 2025-02-28T13:49:57.465042,2025-02-28T13:49:57.465050
test,test ejection will commence in 599.7525165081024 : Time = 2025-02-28T13:49:57.527283,2025-02-28T13:49:57.527289
test,test ejection will commence in 599.6905846595764 : Time = 2025-02-28T13:49:57.589215,2025-02-28T13:49:57.589222
test,test ejection will commence in 599.6292707920074 : Time = 2025-02-28T13:49:57.650528,2025-02-28T13:49:57.650537
test,test ejection will commence in 599.5687830448151 : Time = 2025-02-28T13:49:57.711016,2025-02-28T13:49:57.711024
test,test ejection will commence in 599.5096452236176 : Time = 2025-02-28T13:49:57.770154,2025-02-28T13:49:57.770160
test,test ejection will commence in 599.4500527381897 : Time = 2025-02-28T13:49:57.829746,2025-02-28T13:49:57.829753
test,test ejection will commence in 599.3879661560059 : Time = 2025-02-28T13:49:57.891832,2025-02-28T13:49:57.891841
test,test ejection will commence in 599.3267142772675 : Time = 2025-02-28T13:49:57.953085,2025-02-28T13:49:57.953092
test,test ejection will commence in 599.2615904808044 : Time = 2025-02-28T13:49:58.018209,2025-02-28T13:49:58.018217
test,test ejection will commence in 599.1948280334473 : Time = 2025-02-28T13:49:58.084971,2025-02-28T13:49:58.084980
test,test ejection will commence in 599.1325659751892 : Time = 2025-02-28T13:49:58.147233,2025-02-28T13:49:58.147241
test,test ejection will commence in 599.0700731277466 : Time = 2025-02-28T13:49:58.209725,2025-02-28T13:49:58.209734
test,test ejection will commence in 599.0065701007843 : Time = 2025-02-28T13:49:58.273229,2025-02-28T13:49:58.273237
test,test ejection will commence in 598.9445581436157 : Time = 2025-02-28T13:49:58.335241,2025-02-28T13:49:58.335249
test,test ejection will commence in 598.8819162845612 : Time = 2025-02-28T13:49:58.397883,2025-02-28T13:49:58.397890
test,test ejection will commence in 598.8191666603088 : Time = 2025-02-28T13:49:58.460632,2025-02-28T13:49:58.460639
test,test ejection will commence in 598.7557623386383 : Time = 2025-02-28T13:49:58.524037,2025-02-28T13:49:58.524044
test,test ejection will commence in 598.6928994655609 : Time = 2025-02-28T13:49:58.586899,2025-02-28T13:49:58.586908
test,test ejection will commence in 598.632239818573 : Time = 2025-02-28T13:49:58.647559,2025-02-28T13:49:58.647568
test,test ejection will commence in 598.5695371627808 : Time = 2025-02-28T13:49:58.710262,2025-02-28T13:49:58.710269
test,test ejection will commence in 598.506995677948 : Time = 2025-02-28T13:49:58.772803,2025-02-28T13:49:58.772811
test,test ejection will commence in 598.4427192211151 : Time = 2025-02-28T13:49:58.837080,2025-02-28T13:49:58.837087
test,test ejection will commence in 598.3798682689667 : Time = 2025-02-28T13:49:58.899930,2025-02-28T13:49:58.899939
test,test ejection will commence in 598.3162913322449 : Time = 2025-02-28T13:49:58.963507,2025-02-28T13:49:58.963516
test,test ejection will commence in 598.2535192966461 : Time = 2025-02-28T13:49:59.026280,2025-02-28T13:49:59.026288
test,test ejection will commence in 598.1885912418365 : Time = 2025-02-28T13:49:59.091208,2025-02-28T13:49:59.091215
test,test ejection will commence in 598.1262593269348 : Time = 2025-02-28T13:49:59.153540,2025-02-28T13:49:59.153547
test,test ejection will commence in 598.0631437301636 : Time = 2025-02-28T13:49:59.216655,2025-02-28T13:49:59.216664
test,test ejection will commence in 597.9993984699249 : Time = 2025-02-28T13:49:59.280400,2025-02-28T13:49:59.280410
test,test ejection will commence in 597.9308619499207 : Time = 2025-02-28T13:49:59.348937,2025-02-28T13:49:59.348945
test,test ejection will commence in 597.866780757904 : Time = 2025-02-28T13:49:59.413019,2025-02-28T13:49:59.413029
test,test ejection will commence in 597.8051009178162 : Time = 2025-02-28T13:49:59.474698,2025-02-28T13:49:59.474706
test,test ejection will commence in 597.7419929504395 : Time = 2025-02-28T13:49:59.537806,2025-02-28T13:49:59.537813
test,test ejection will commence in 597.6797151565552 : Time = 2025-02-28T13:49:59.600084,2025-02-28T13:49:59.600091
test,test ejection will commence in 597.6174838542938 : Time = 2025-02-28T13:49:59.662315,2025-02-28T13:49:59.662324
test,test ejection will commence in 597.5554404258728 : Time = 2025-02-28T13:49:59.724358,2025-02-28T13:49:59.724368
test,test ejection will commence in 597.4911673069 : Time = 2025-02-28T13:49:59.788631,2025-02-28T13:49:59.788640
test,test ejection will commence in 597.4270162582397 : Time = 2025-02-28T13:49:59.852783,2025-02-28T13:49:59.852791
test,test ejection will commence in 597.3653876781464 : Time = 2025-02-28T13:49:59.914411,2025-02-28T13:49:59.914420
test,test ejection will commence in 597.3026688098907 : Time = 2025-02-28T13:49:59.977130,2025-02-28T13:49:59.977137
test,test ejection will commence in 597.237860918045 : Time = 2025-02-28T13:50:00.041938,2025-02-28T13:50:00.041946
test,test ejection will commence in 597.1729826927185 : Time = 2025-02-28T13:50:00.106816,2025-02-28T13:50:00.106825
test,test ejection will commence in 597.1099700927734 : Time = 2025-02-28T13:50:00.169829,2025-02-28T13:50:00.169837
test,test ejection will commence in 597.0450067520142 : Time = 2025-02-28T13:50:00.234793,2025-02-28T13:50:00.234801
test,test ejection will commence in 596.9785656929016 : Time = 2025-02-28T13:50:00.301233,2025-02-28T13:50:00.301241
test,test ejection will commence in 596.916675567627 : Time = 2025-02-28T13:50:00.363123,2025-02-28T13:50:00.363130
test,test ejection will commence in 596.854615688324 : Time = 2025-02-28T13:50:00.425183,2025-02-28T13:50:00.425191
test,test ejection will commence in 596.7927918434143 : Time = 2025-02-28T13:50:00.487007,2025-02-28T13:50:00.487014
test,test ejection will commence in 596.7301506996155 : Time = 2025-02-28T13:50:00.549648,2025-02-28T13:50:00.549656
test,test ejection will commence in 596.668452501297 : Time = 2025-02-28T13:50:00.611346,2025-02-28T13:50:00.611353
test,test ejection will commence in 596.6041078567505 : Time = 2025-02-28T13:50:00.675691,2025-02-28T13:50:00.675699
test,test ejection will commence in 596.5418889522552 : Time = 2025-02-28T13:50:00.737910,2025-02-28T13:50:00.737917
test,test ejection will commence in 596.4783828258514 : Time = 2025-02-28T13:50:00.801416,2025-02-28T13:50:00.801424
test,test ejection will commence in 596.4149830341339 : Time = 2025-02-28T13:50:00.864816,2025-02-28T13:50:00.864825
test,test ejection will commence in 596.3528373241425 : Time = 2025-02-28T13:50:00.926961,2025-02-28T13:50:00.926969
test,test ejection will commence in 596.2910208702087 : Time = 2025-02-28T13:50:00.988778,2025-02-28T13:50:00.988786
test,test ejection will commence in 596.2281293869019 : Time = 2025-02-28T13:50:01.051669,2025-02-28T13:50:01.051676
test,test ejection will commence in 596.1661739349365 : Time = 2025-02-28T13:50:01.113625,2025-02-28T13:50:01.113634
test,test ejection will commence in 596.1047375202179 : Time = 2025-02-28T13:50:01.175064,2025-02-28T13:50:01.175072
test,test ejection will commence in 596.0409812927246 : Time = 2025-02-28T13:50:01.238817,2025-02-28T13:50:01.238825
test,test ejection will commence in 595.9790134429932 : Time = 2025-02-28T13:50:01.300786,2025-02-28T13:50:01.300793
test,test ejection will commence in 595.9161415100098 : Time = 2025-02-28T13:50:01.363657,2025-02-28T13:50:01.363667
test,test ejection will commence in 595.852133512497 : Time = 2025-02-28T13:50:01.427670,2025-02-28T13:50:01.427678
test,test ejection will commence in 595.7895011901855 : Time = 2025-02-28T13:50:01.490298,2025-02-28T13:50:01.490306
test,test ejection will commence in 595.7257950305939 : Time = 2025-02-28T13:50:01.554004,2025-02-28T13:50:01.554012
test,test ejection will commence in 595.6630051136017 : Time = 2025-02-28T13:50:01.616794,2025-02-28T13:50:01.616802
test,test ejection will commence in 595.5971891880035 : Time = 2025-02-28T13:50:01.682610,2025-02-28T13:50:01.682618
test,test ejection will commence in 595.5356328487396 : Time = 2025-02-28T13:50:01.744166,2025-02-28T13:50:01.744174
test,test ejection will commence in 595.4760365486145 : Time = 2025-02-28T13:50:01.803762,2025-02-28T13:50:01.803770
test,test ejection will commence in 595.4132707118988 : Time = 2025-02-28T13:50:01.866528,2025-02-28T13:50:01.866536
test,test ejection will commence in 595.3521077632904 : Time = 2025-02-28T13:50:01.927691,2025-02-28T13:50:01.927698
test,test ejection will commence in 595.2901532649994 : Time = 2025-02-28T13:50:01.989646,2025-02-28T13:50:01.989653
test,test ejection will commence in 595.2277052402496 : Time = 2025-02-28T13:50:02.052094,2025-02-28T13:50:02.052102
test,test ejection will commence in 595.1634621620178 : Time = 2025-02-28T13:50:02.116337,2025-02-28T13:50:02.116346
test,test ejection will commence in 595.0963077545166 : Time = 2025-02-28T13:50:02.183492,2025-02-28T13:50:02.183500
test,test mosfet triggered : Time = 2025-02-28T13:50:02.292624,2025-02-28T13:50:02.292642
test,test ejection will commence in 599.9252736568451 : Time = 2025-02-28T13:50:02.367371,2025-02-28T13:50:02.367378
test,test ejection will commence in 599.8627750873566 : Time = 2025-02-28T13:50:02.429869,2025-02-28T13:50:02.429877
test,test ejection will commence in 599.798086643219 : Time = 2025-02-28T13:50:02.494558,2025-02-28T13:50:02.494566
test,test ejection will commence in 599.7341892719269 : Time = 2025-02-28T13:50:02.558456,2025-02-28T13:50:02.558464
test,test ejection will commence in 599.6673350334167 : Time = 2025-02-28T13:50:02.625310,2025-02-28T13:50:02.625317
test,test ejection will commence in 599.6040198802948 : Time = 2025-02-28T13:50:02.688625,2025-02-28T13:50:02.688632
test,test ejection will commence in 599.5418794155121 : Time = 2025-02-28T13:50:02.750765,2025-02-28T13:50:02.750773
test,test ejection will commence in 599.4765450954437 : Time = 2025-02-28T13:50:02.816100,2025-02-28T13:50:02.816109
test,test ejection will commence in 599.4126470088959 : Time = 2025-02-28T13:50:02.879997,2025-02-28T13:50:02.880006
test,test ejection will commence in 599.3478901386261 : Time = 2025-02-28T13:50:02.944755,2025-02-28T13:50:02.944763
test,test ejection will commence in 599.2841329574585 : Time = 2025-02-28T13:50:03.008512,2025-02-28T13:50:03.008520
test,test ejection will commence in 599.217200756073 : Time = 2025-02-28T13:50:03.075444,2025-02-28T13:50:03.075451
test,test ejection will commence in 599.1516122817993 : Time = 2025-02-28T13:50:03.141033,2025-02-28T13:50:03.141040
test,test ejection will commence in 599.0857679843903 : Time = 2025-02-28T13:50:03.206877,2025-02-28T13:50:03.206884
test,test ejection will commence in 599.0199177265167 : Time = 2025-02-28T13:50:03.272727,2025-02-28T13:50:03.272736
test,test ejection will commence in 598.9555315971375 : Time = 2025-02-28T13:50:03.337113,2025-02-28T13:50:03.337120
test,test ejection will commence in 598.891241312027 : Time = 2025-02-28T13:50:03.401403,2025-02-28T13:50:03.401412
test,test ejection will commence in 598.8265762329102 : Time = 2025-02-28T13:50:03.466069,2025-02-28T13:50:03.466076
test,test ejection will commence in 598.7556793689728 : Time = 2025-02-28T13:50:03.536966,2025-02-28T13:50:03.536973
test,test ejection will commence in 598.6907367706299 : Time = 2025-02-28T13:50:03.601908,2025-02-28T13:50:03.601915
test,test ejection will commence in 598.6263785362244 : Time = 2025-02-28T13:50:03.666266,2025-02-28T13:50:03.666273
test,test ejection will commence in 598.5627596378326 : Time = 2025-02-28T13:50:03.729885,2025-02-28T13:50:03.729892
test,test ejection will commence in 598.498613357544 : Time = 2025-02-28T13:50:03.794032,2025-02-28T13:50:03.794041
test,test ejection will commence in 598.4339208602905 : Time = 2025-02-28T13:50:03.858724,2025-02-28T13:50:03.858731
test,test ejection will commence in 598.3676998615265 : Time = 2025-02-28T13:50:03.924945,2025-02-28T13:50:03.924953
test,test ejection will commence in 598.3028182983398 : Time = 2025-02-28T13:50:03.989827,2025-02-28T13:50:03.989836
test,test ejection will commence in 598.2366089820862 : Time = 2025-02-28T13:50:04.056036,2025-02-28T13:50:04.056043
test,test ejection will commence in 598.171816110611 : Time = 2025-02-28T13:50:04.120829,2025-02-28T13:50:04.120836
test,test ejection will commence in 598.1067173480988 : Time = 2025-02-28T13:50:04.185928,2025-02-28T13:50:04.185935
test,test ejection will commence in 598.0423121452332 : Time = 2025-02-28T13:50:04.250333,2025-02-28T13:50:04.250340
test,test ejection will commence in 597.9782872200012 : Time = 2025-02-28T13:50:04.314358,2025-02-28T13:50:04.314367
test,test ejection will commence in 597.9152784347534 : Time = 2025-02-28T13:50:04.377366,2025-02-28T13:50:04.377373
test,test ejection will commence in 597.8493971824646 : Time = 2025-02-28T13:50:04.443248,2025-02-28T13:50:04.443256
test,test ejection will commence in 597.7842993736267 : Time = 2025-02-28T13:50:04.508346,2025-02-28T13:50:04.508355
test,test ejection will commence in 597.7204849720001 : Time = 2025-02-28T13:50:04.572160,2025-02-28T13:50:04.572167
test,test ejection will commence in 597.6563956737518 : Time = 2025-02-28T13:50:04.636249,2025-02-28T13:50:04.636257
test,test ejection will commence in 597.5927715301514 : Time = 2025-02-28T13:50:04.699874,2025-02-28T13:50:04.699881
test,test ejection will commence in 597.5266780853271 : Time = 2025-02-28T13:50:04.765967,2025-02-28T13:50:04.765976
test,test ejection will commence in 597.4608790874481 : Time = 2025-02-28T13:50:04.831766,2025-02-28T13:50:04.831775
test,test ejection will commence in 597.3944141864777 : Time = 2025-02-28T13:50:04.898231,2025-02-28T13:50:04.898239
test,test ejection will commence in 597.3307280540466 : Time = 2025-02-28T13:50:04.961917,2025-02-28T13:50:04.961925
test,test ejection will commence in 597.2668237686157 : Time = 2025-02-28T13:50:05.025821,2025-02-28T13:50:05.025831
test,test ejection will commence in 597.2030580043793 : Time = 2025-02-28T13:50:05.089587,2025-02-28T13:50:05.089594
test,test ejection will commence in 597.1392021179199 : Time = 2025-02-28T13:50:05.153443,2025-02-28T13:50:05.153451
test,test ejection will commence in 597.0720009803772 : Time = 2025-02-28T13:50:05.220644,2025-02-28T13:50:05.220652
test,test ejection will commence in 597.0069069862366 : Time = 2025-02-28T13:50:05.285738,2025-02-28T13:50:05.285747
test,test ejection will commence in 596.9427614212036 : Time = 2025-02-28T13:50:05.349884,2025-02-28T13:50:05.349892
test,test ejection will commence in 596.8780846595764 : Time = 2025-02-28T13:50:05.414560,2025-02-28T13:50:05.414569
test,test ejection will commence in 596.8140275478363 : Time = 2025-02-28T13:50:05.478618,2025-02-28T13:50:05.478625
test,test ejection will commence in 596.7502145767212 : Time = 2025-02-28T13:50:05.542430,2025-02-28T13:50:05.542440
test,test ejection will commence in 596.6855609416962 : Time = 2025-02-28T13:50:05.607085,2025-02-28T13:50:05.607094
test,test ejection will commence in 596.6204786300659 : Time = 2025-02-28T13:50:05.672166,2025-02-28T13:50:05.672174
test,test ejection will commence in 596.5566461086273 : Time = 2025-02-28T13:50:05.735999,2025-02-28T13:50:05.736006
test,test ejection will commence in 596.4934322834015 : Time = 2025-02-28T13:50:05.799212,2025-02-28T13:50:05.799220
test,test ejection will commence in 596.4295637607574 : Time = 2025-02-28T13:50:05.863081,2025-02-28T13:50:05.863089
test,test mosfet triggered : Time = 2025-02-28T13:53:59.730963,2025-02-28T13:53:59.730982
test,test ejection will commence in 599.9275958538055 : Time = 2025-02-28T13:53:59.803390,2025-02-28T13:53:59.803401
test,test ejection will commence in 599.8559548854828 : Time = 2025-02-28T13:53:59.875030,2025-02-28T13:53:59.875040
test,test ejection will commence in 599.7850878238678 : Time = 2025-02-28T13:53:59.945897,2025-02-28T13:53:59.945906
test,test ejection will commence in 599.7116260528564 : Time = 2025-02-28T13:54:00.019360,2025-02-28T13:54:00.019369
test,test ejection will commence in 599.6378087997437 : Time = 2025-02-28T13:54:00.093177,2025-02-28T13:54:00.093186
test,test ejection will commence in 599.566285610199 : Time = 2025-02-28T13:54:00.164699,2025-02-28T13:54:00.164708
test,test ejection will commence in 599.4937920570374 : Time = 2025-02-28T13:54:00.237193,2025-02-28T13:54:00.237202
test,test ejection will commence in 599.42112159729 : Time = 2025-02-28T13:54:00.309863,2025-02-28T13:54:00.309873
test,test ejection will commence in 599.3494212627411 : Time = 2025-02-28T13:54:00.381564,2025-02-28T13:54:00.381572
test,test ejection will commence in 599.2772850990295 : Time = 2025-02-28T13:54:00.453700,2025-02-28T13:54:00.453710
test,test ejection will commence in 599.2061452865601 : Time = 2025-02-28T13:54:00.524840,2025-02-28T13:54:00.524849
test,test ejection will commence in 599.1326098442078 : Time = 2025-02-28T13:54:00.598376,2025-02-28T13:54:00.598387
test,test ejection will commence in 599.0617275238037 : Time = 2025-02-28T13:54:00.669258,2025-02-28T13:54:00.669267
test,test ejection will commence in 598.9850804805756 : Time = 2025-02-28T13:54:00.745905,2025-02-28T13:54:00.745913
test,test ejection will commence in 598.9117743968964 : Time = 2025-02-28T13:54:00.819210,2025-02-28T13:54:00.819220
test,test ejection will commence in 598.8403849601746 : Time = 2025-02-28T13:54:00.890600,2025-02-28T13:54:00.890610
test,test ejection will commence in 598.7686145305634 : Time = 2025-02-28T13:54:00.962371,2025-02-28T13:54:00.962379
test,test ejection will commence in 598.6961600780487 : Time = 2025-02-28T13:54:01.034826,2025-02-28T13:54:01.034834
test,test ejection will commence in 598.624073266983 : Time = 2025-02-28T13:54:01.106912,2025-02-28T13:54:01.106921
test,test ejection will commence in 598.5524570941925 : Time = 2025-02-28T13:54:01.178528,2025-02-28T13:54:01.178537
test,test ejection will commence in 598.4791975021362 : Time = 2025-02-28T13:54:01.251789,2025-02-28T13:54:01.251802
test,test ejection will commence in 598.4073512554169 : Time = 2025-02-28T13:54:01.323634,2025-02-28T13:54:01.323642
test,test ejection will commence in 598.336040019989 : Time = 2025-02-28T13:54:01.394947,2025-02-28T13:54:01.394956
test,test ejection will commence in 598.2650883197784 : Time = 2025-02-28T13:54:01.465899,2025-02-28T13:54:01.465908
test,test ejection will commence in 598.1932551860809 : Time = 2025-02-28T13:54:01.537730,2025-02-28T13:54:01.537737
test,test ejection will commence in 598.121835231781 : Time = 2025-02-28T13:54:01.609150,2025-02-28T13:54:01.609157
test,test ejection will commence in 598.0500404834747 : Time = 2025-02-28T13:54:01.680946,2025-02-28T13:54:01.680953
test,test ejection will commence in 597.9779498577118 : Time = 2025-02-28T13:54:01.753035,2025-02-28T13:54:01.753046
test,test ejection will commence in 597.9053449630737 : Time = 2025-02-28T13:54:01.825640,2025-02-28T13:54:01.825649
test,test ejection will commence in 597.8335418701172 : Time = 2025-02-28T13:54:01.897443,2025-02-28T13:54:01.897453
test,test ejection will commence in 597.7629818916321 : Time = 2025-02-28T13:54:01.968003,2025-02-28T13:54:01.968012
test,test ejection will commence in 597.6911787986755 : Time = 2025-02-28T13:54:02.039806,2025-02-28T13:54:02.039815
test,test ejection will commence in 597.6146121025085 : Time = 2025-02-28T13:54:02.116373,2025-02-28T13:54:02.116382
test,test ejection will commence in 597.5434613227844 : Time = 2025-02-28T13:54:02.187523,2025-02-28T13:54:02.187533
test,test ejection will commence in 597.4703743457794 : Time = 2025-02-28T13:54:02.260611,2025-02-28T13:54:02.260619
test,test ejection will commence in 597.3984818458557 : Time = 2025-02-28T13:54:02.332507,2025-02-28T13:54:02.332517
test,test ejection will commence in 597.3266880512238 : Time = 2025-02-28T13:54:02.404297,2025-02-28T13:54:02.404306
test,test ejection will commence in 597.2549164295197 : Time = 2025-02-28T13:54:02.476069,2025-02-28T13:54:02.476078
test,test ejection will commence in 597.1829957962036 : Time = 2025-02-28T13:54:02.547989,2025-02-28T13:54:02.547998
test,test ejection will commence in 597.1107211112976 : Time = 2025-02-28T13:54:02.620264,2025-02-28T13:54:02.620273
test,test ejection will commence in 597.0388352870941 : Time = 2025-02-28T13:54:02.692151,2025-02-28T13:54:02.692163
test,test ejection will commence in 596.9593713283539 : Time = 2025-02-28T13:54:02.771615,2025-02-28T13:54:02.771631
test,test ejection will commence in 596.8949167728424 : Time = 2025-02-28T13:54:02.836069,2025-02-28T13:54:02.836076
test,test ejection will commence in 596.8315331935883 : Time = 2025-02-28T13:54:02.899452,2025-02-28T13:54:02.899459
test,test ejection will commence in 596.7692248821259 : Time = 2025-02-28T13:54:02.961761,2025-02-28T13:54:02.961778
test,test ejection will commence in 596.7056994438171 : Time = 2025-02-28T13:54:03.025286,2025-02-28T13:54:03.025294
test,test ejection will commence in 596.6417126655579 : Time = 2025-02-28T13:54:03.089272,2025-02-28T13:54:03.089280
test,test ejection will commence in 596.5777854919434 : Time = 2025-02-28T13:54:03.153199,2025-02-28T13:54:03.153207
test,test ejection will commence in 596.5142052173615 : Time = 2025-02-28T13:54:03.216780,2025-02-28T13:54:03.216788
test,test ejection will commence in 596.4490594863892 : Time = 2025-02-28T13:54:03.281926,2025-02-28T13:54:03.281935
test,test ejection will commence in 596.3844656944275 : Time = 2025-02-28T13:54:03.346519,2025-02-28T13:54:03.346528
test,test mosfet triggered : Time = 2025-02-28T13:54:03.514300,2025-02-28T13:54:03.514311
test,test ejection will commence in 599.9364807605743 : Time = 2025-02-28T13:54:03.577834,2025-02-28T13:54:03.577841
test,test ejection will commence in 599.8748195171356 : Time = 2025-02-28T13:54:03.639495,2025-02-28T13:54:03.639502
test,test ejection will commence in 599.8129141330719 : Time = 2025-02-28T13:54:03.701400,2025-02-28T13:54:03.701407
test,test ejection will commence in 599.7467029094696 : Time = 2025-02-28T13:54:03.767612,2025-02-28T13:54:03.767619
test,test ejection will commence in 599.6812138557434 : Time = 2025-02-28T13:54:03.833101,2025-02-28T13:54:03.833108
test,test ejection will commence in 599.6184103488922 : Time = 2025-02-28T13:54:03.895904,2025-02-28T13:54:03.895912
test,test ejection will commence in 599.5561304092407 : Time = 2025-02-28T13:54:03.958185,2025-02-28T13:54:03.958193
test,test ejection will commence in 599.4915373325348 : Time = 2025-02-28T13:54:04.022777,2025-02-28T13:54:04.022786
test,test ejection will commence in 599.429545879364 : Time = 2025-02-28T13:54:04.084768,2025-02-28T13:54:04.084776
test,test ejection will commence in 599.3666689395905 : Time = 2025-02-28T13:54:04.147645,2025-02-28T13:54:04.147652
test,test ejection will commence in 599.3040544986725 : Time = 2025-02-28T13:54:04.210260,2025-02-28T13:54:04.210268
test,test ejection will commence in 599.2391362190247 : Time = 2025-02-28T13:54:04.275178,2025-02-28T13:54:04.275186
test,test ejection will commence in 599.1738924980164 : Time = 2025-02-28T13:54:04.340422,2025-02-28T13:54:04.340429
test,test ejection will commence in 599.1104040145874 : Time = 2025-02-28T13:54:04.403910,2025-02-28T13:54:04.403919
test,test ejection will commence in 599.0467846393585 : Time = 2025-02-28T13:54:04.467530,2025-02-28T13:54:04.467538
test,test ejection will commence in 598.9841248989105 : Time = 2025-02-28T13:54:04.530189,2025-02-28T13:54:04.530198
test,test ejection will commence in 598.9218831062317 : Time = 2025-02-28T13:54:04.592431,2025-02-28T13:54:04.592440
test,test ejection will commence in 598.8585796356201 : Time = 2025-02-28T13:54:04.655735,2025-02-28T13:54:04.655743
test,test ejection will commence in 598.7907822132111 : Time = 2025-02-28T13:54:04.723534,2025-02-28T13:54:04.723547
test,test ejection will commence in 598.7195677757263 : Time = 2025-02-28T13:54:04.794747,2025-02-28T13:54:04.794756
test,test ejection will commence in 598.6511030197144 : Time = 2025-02-28T13:54:04.863212,2025-02-28T13:54:04.863220
test,test ejection will commence in 598.5809898376465 : Time = 2025-02-28T13:54:04.933324,2025-02-28T13:54:04.933333
test,test ejection will commence in 598.518280506134 : Time = 2025-02-28T13:54:04.996034,2025-02-28T13:54:04.996042
test,test ejection will commence in 598.4542989730835 : Time = 2025-02-28T13:54:05.060015,2025-02-28T13:54:05.060023
test,test ejection will commence in 598.3931319713593 : Time = 2025-02-28T13:54:05.121183,2025-02-28T13:54:05.121191
test,test ejection will commence in 598.3269383907318 : Time = 2025-02-28T13:54:05.187376,2025-02-28T13:54:05.187386
test,test ejection will commence in 598.248370885849 : Time = 2025-02-28T13:54:05.265945,2025-02-28T13:54:05.265960
test,test ejection will commence in 598.1581280231476 : Time = 2025-02-28T13:54:05.356186,2025-02-28T13:54:05.356195
test,test ejection will commence in 598.0876896381378 : Time = 2025-02-28T13:54:05.426625,2025-02-28T13:54:05.426634
test,test ejection will commence in 598.0218825340271 : Time = 2025-02-28T13:54:05.492433,2025-02-28T13:54:05.492440
test,test ejection will commence in 597.9566419124603 : Time = 2025-02-28T13:54:05.557673,2025-02-28T13:54:05.557681
test,test ejection will commence in 597.8948397636414 : Time = 2025-02-28T13:54:05.619475,2025-02-28T13:54:05.619483
test,test ejection will commence in 597.8346741199493 : Time = 2025-02-28T13:54:05.679640,2025-02-28T13:54:05.679649
test,test ejection will commence in 597.7694818973541 : Time = 2025-02-28T13:54:05.744833,2025-02-28T13:54:05.744842
test,test ejection will commence in 597.7038614749908 : Time = 2025-02-28T13:54:05.810453,2025-02-28T13:54:05.810462
test,test ejection will commence in 597.6329326629639 : Time = 2025-02-28T13:54:05.881382,2025-02-28T13:54:05.881390
test,test ejection will commence in 597.5754055976868 : Time = 2025-02-28T13:54:05.938909,2025-02-28T13:54:05.938917
test,test ejection will commence in 597.5158920288086 : Time = 2025-02-28T13:54:05.998423,2025-02-28T13:54:05.998431
test,test ejection will commence in 597.4305617809296 : Time = 2025-02-28T13:54:06.083755,2025-02-28T13:54:06.083769
test,test ejection will commence in 597.3637683391571 : Time = 2025-02-28T13:54:06.150547,2025-02-28T13:54:06.150556
test,test ejection will commence in 597.2906723022461 : Time = 2025-02-28T13:54:06.223642,2025-02-28T13:54:06.223650
test,test ejection will commence in 597.2314684391022 : Time = 2025-02-28T13:54:06.282846,2025-02-28T13:54:06.282855
test,test ejection will commence in 597.1695716381073 : Time = 2025-02-28T13:54:06.344743,2025-02-28T13:54:06.344752
test,test ejection will commence in 597.0935142040253 : Time = 2025-02-28T13:54:06.420800,2025-02-28T13:54:06.420809
test,test ejection will commence in 597.0209484100342 : Time = 2025-02-28T13:54:06.493366,2025-02-28T13:54:06.493376
test,test ejection will commence in 596.9481830596924 : Time = 2025-02-28T13:54:06.566132,2025-02-28T13:54:06.566141
test,test ejection will commence in 596.881890296936 : Time = 2025-02-28T13:54:06.632424,2025-02-28T13:54:06.632432
test,test ejection will commence in 596.8183121681213 : Time = 2025-02-28T13:54:06.696002,2025-02-28T13:54:06.696011
test,test ejection will commence in 596.7443025112152 : Time = 2025-02-28T13:54:06.770013,2025-02-28T13:54:06.770022
test,test ejection will commence in 596.6734337806702 : Time = 2025-02-28T13:54:06.840880,2025-02-28T13:54:06.840889
test,test ejection will commence in 596.6045424938202 : Time = 2025-02-28T13:54:06.909772,2025-02-28T13:54:06.909780
test,test ejection will commence in 596.5401346683502 : Time = 2025-02-28T13:54:06.974180,2025-02-28T13:54:06.974188
test,test ejection will commence in 596.4681406021118 : Time = 2025-02-28T13:54:07.046174,2025-02-28T13:54:07.046183
test,test ejection will commence in 596.3943905830383 : Time = 2025-02-28T13:54:07.119924,2025-02-28T13:54:07.119932
test,test ejection will commence in 596.3266589641571 : Time = 2025-02-28T13:54:07.187656,2025-02-28T13:54:07.187663
test,test ejection will commence in 596.2600741386414 : Time = 2025-02-28T13:54:07.254240,2025-02-28T13:54:07.254250
test,test ejection will commence in 596.1909523010254 : Time = 2025-02-28T13:54:07.323362,2025-02-28T13:54:07.323370
test,test ejection will commence in 596.1187942028046 : Time = 2025-02-28T13:54:07.395521,2025-02-28T13:54:07.395528
test,test ejection will commence in 596.0430989265442 : Time = 2025-02-28T13:54:07.471216,2025-02-28T13:54:07.471223
test,test ejection will commence in 595.9702708721161 : Time = 2025-02-28T13:54:07.544044,2025-02-28T13:54:07.544051
test,test ejection will commence in 595.9087722301483 : Time = 2025-02-28T13:54:07.605542,2025-02-28T13:54:07.605549
test,test ejection will commence in 595.8419981002808 : Time = 2025-02-28T13:54:07.672317,2025-02-28T13:54:07.672324
test,test ejection will commence in 595.7743701934814 : Time = 2025-02-28T13:54:07.739944,2025-02-28T13:54:07.739952
test,test ejection will commence in 595.7094831466675 : Time = 2025-02-28T13:54:07.804831,2025-02-28T13:54:07.804839
test,test ejection will commence in 595.6442556381226 : Time = 2025-02-28T13:54:07.870059,2025-02-28T13:54:07.870066
test,test ejection will commence in 595.5806612968445 : Time = 2025-02-28T13:54:07.933654,2025-02-28T13:54:07.933661
test,test ejection will commence in 595.5195019245148 : Time = 2025-02-28T13:54:07.994812,2025-02-28T13:54:07.994821
test,test ejection will commence in 595.45680809021 : Time = 2025-02-28T13:54:08.057506,2025-02-28T13:54:08.057514
test,test ejection will commence in 595.3942179679871 : Time = 2025-02-28T13:54:08.120096,2025-02-28T13:54:08.120104
test,test ejection will commence in 595.3330771923065 : Time = 2025-02-28T13:54:08.181237,2025-02-28T13:54:08.181246
test,test ejection will commence in 595.2711980342865 : Time = 2025-02-28T13:54:08.243116,2025-02-28T13:54:08.243124
test,test ejection will commence in 595.2078032493591 : Time = 2025-02-28T13:54:08.306511,2025-02-28T13:54:08.306520
test,test ejection will commence in 595.1451604366302 : Time = 2025-02-28T13:54:08.369154,2025-02-28T13:54:08.369161
test,test ejection will commence in 595.081690788269 : Time = 2025-02-28T13:54:08.432624,2025-02-28T13:54:08.432633
test,test ejection will commence in 595.0147182941437 : Time = 2025-02-28T13:54:08.499596,2025-02-28T13:54:08.499605
test,test ejection will commence in 594.9461343288422 : Time = 2025-02-28T13:54:08.568180,2025-02-28T13:54:08.568189
test,test ejection will commence in 594.8809106349945 : Time = 2025-02-28T13:54:08.633404,2025-02-28T13:54:08.633413
test,test mosfet triggered : Time = 2025-02-28T13:54:08.792701,2025-02-28T13:54:08.792710
test,test ejection will commence in 599.937203168869 : Time = 2025-02-28T13:54:08.855511,2025-02-28T13:54:08.855518
test,test ejection will commence in 599.8697228431702 : Time = 2025-02-28T13:54:08.922991,2025-02-28T13:54:08.923000
test,test ejection will commence in 599.8042147159576 : Time = 2025-02-28T13:54:08.988499,2025-02-28T13:54:08.988509
test,test ejection will commence in 599.7391743659973 : Time = 2025-02-28T13:54:09.053540,2025-02-28T13:54:09.053549
test,test ejection will commence in 599.675478219986 : Time = 2025-02-28T13:54:09.117235,2025-02-28T13:54:09.117245
test,test ejection will commence in 599.6105670928955 : Time = 2025-02-28T13:54:09.182147,2025-02-28T13:54:09.182154
test,test ejection will commence in 599.5469918251038 : Time = 2025-02-28T13:54:09.245722,2025-02-28T13:54:09.245732
test,test ejection will commence in 599.4819610118866 : Time = 2025-02-28T13:54:09.310753,2025-02-28T13:54:09.310760
test,test ejection will commence in 599.4185783863068 : Time = 2025-02-28T13:54:09.374136,2025-02-28T13:54:09.374143
test,test ejection will commence in 599.3557457923889 : Time = 2025-02-28T13:54:09.436968,2025-02-28T13:54:09.436977
test,test ejection will commence in 599.2928879261017 : Time = 2025-02-28T13:54:09.499826,2025-02-28T13:54:09.499833
test,test ejection will commence in 599.228353023529 : Time = 2025-02-28T13:54:09.564361,2025-02-28T13:54:09.564369
test,test ejection will commence in 599.1651313304901 : Time = 2025-02-28T13:54:09.627583,2025-02-28T13:54:09.627591
test,test ejection will commence in 599.1025729179382 : Time = 2025-02-28T13:54:09.690141,2025-02-28T13:54:09.690149
test,test ejection will commence in 599.0378451347351 : Time = 2025-02-28T13:54:09.754869,2025-02-28T13:54:09.754876
test,test ejection will commence in 598.9721946716309 : Time = 2025-02-28T13:54:09.820520,2025-02-28T13:54:09.820529
test,test ejection will commence in 598.9113397598267 : Time = 2025-02-28T13:54:09.881374,2025-02-28T13:54:09.881381
test,test ejection will commence in 598.8478815555573 : Time = 2025-02-28T13:54:09.944832,2025-02-28T13:54:09.944840
test,test ejection will commence in 598.7838463783264 : Time = 2025-02-28T13:54:10.008867,2025-02-28T13:54:10.008876
test,test ejection will commence in 598.715657711029 : Time = 2025-02-28T13:54:10.077056,2025-02-28T13:54:10.077065
test,test ejection will commence in 598.6501100063324 : Time = 2025-02-28T13:54:10.142604,2025-02-28T13:54:10.142612
test,test ejection will commence in 598.5867285728455 : Time = 2025-02-28T13:54:10.205988,2025-02-28T13:54:10.205995
test,test ejection will commence in 598.5200629234314 : Time = 2025-02-28T13:54:10.272651,2025-02-28T13:54:10.272659
test,test ejection will commence in 598.4590408802032 : Time = 2025-02-28T13:54:10.333673,2025-02-28T13:54:10.333682
test,test ejection will commence in 598.394211769104 : Time = 2025-02-28T13:54:10.398502,2025-02-28T13:54:10.398510
test,test ejection will commence in 598.3289139270782 : Time = 2025-02-28T13:54:10.463800,2025-02-28T13:54:10.463809
test,test ejection will commence in 598.2643663883209 : Time = 2025-02-28T13:54:10.528348,2025-02-28T13:54:10.528358
test,test ejection will commence in 598.2020552158356 : Time = 2025-02-28T13:54:10.590659,2025-02-28T13:54:10.590670
test,test ejection will commence in 598.1386413574219 : Time = 2025-02-28T13:54:10.654072,2025-02-28T13:54:10.654081
test,test ejection will commence in 598.0745220184326 : Time = 2025-02-28T13:54:10.718192,2025-02-28T13:54:10.718200
test,test ejection will commence in 598.0104818344116 : Time = 2025-02-28T13:54:10.782232,2025-02-28T13:54:10.782239
test,test ejection will commence in 597.9486413002014 : Time = 2025-02-28T13:54:10.844073,2025-02-28T13:54:10.844081
test,test ejection will commence in 597.8855125904083 : Time = 2025-02-28T13:54:10.907201,2025-02-28T13:54:10.907208
test,test ejection will commence in 597.8211069107056 : Time = 2025-02-28T13:54:10.971608,2025-02-28T13:54:10.971615
test,test ejection will commence in 597.7545564174652 : Time = 2025-02-28T13:54:11.038158,2025-02-28T13:54:11.038165
test,test ejection will commence in 597.6877031326294 : Time = 2025-02-28T13:54:11.105011,2025-02-28T13:54:11.105021
test,test ejection will commence in 597.6240067481995 : Time = 2025-02-28T13:54:11.168707,2025-02-28T13:54:11.168715
test,test ejection will commence in 597.5606336593628 : Time = 2025-02-28T13:54:11.232080,2025-02-28T13:54:11.232088
test,test ejection will commence in 597.498204946518 : Time = 2025-02-28T13:54:11.294509,2025-02-28T13:54:11.294517
test,test ejection will commence in 597.4326038360596 : Time = 2025-02-28T13:54:11.360110,2025-02-28T13:54:11.360118
test,test ejection will commence in 597.366513967514 : Time = 2025-02-28T13:54:11.426200,2025-02-28T13:54:11.426207
test,test ejection will commence in 597.3035564422607 : Time = 2025-02-28T13:54:11.489159,2025-02-28T13:54:11.489167
test,test ejection will commence in 597.2368805408478 : Time = 2025-02-28T13:54:11.555834,2025-02-28T13:54:11.555841
test,test ejection will commence in 597.1670408248901 : Time = 2025-02-28T13:54:11.625673,2025-02-28T13:54:11.625681
test,test ejection will commence in 597.1037828922272 : Time = 2025-02-28T13:54:11.688931,2025-02-28T13:54:11.688939
test,test ejection will commence in 597.0393371582031 : Time = 2025-02-28T13:54:11.753378,2025-02-28T13:54:11.753385
test,test ejection will commence in 596.9749448299408 : Time = 2025-02-28T13:54:11.817769,2025-02-28T13:54:11.817778
test,test ejection will commence in 596.9107041358948 : Time = 2025-02-28T13:54:11.882010,2025-02-28T13:54:11.882019
test,test ejection will commence in 596.8484573364258 : Time = 2025-02-28T13:54:11.944256,2025-02-28T13:54:11.944265
test,test ejection will commence in 596.7844541072845 : Time = 2025-02-28T13:54:12.008260,2025-02-28T13:54:12.008269
test,test ejection will commence in 596.7212703227997 : Time = 2025-02-28T13:54:12.071444,2025-02-28T13:54:12.071451
test,test ejection will commence in 596.6556746959686 : Time = 2025-02-28T13:54:12.137039,2025-02-28T13:54:12.137048
test,test ejection will commence in 596.5911982059479 : Time = 2025-02-28T13:54:12.201517,2025-02-28T13:54:12.201530
test,test ejection will commence in 596.5270495414734 : Time = 2025-02-28T13:54:12.265664,2025-02-28T13:54:12.265671
test,test ejection will commence in 596.4631979465485 : Time = 2025-02-28T13:54:12.329516,2025-02-28T13:54:12.329525
